Entity,Code,Year,Long-run COâ‚‚ concentration
World,OWID_WRL,-803719,207.28545
World,OWID_WRL,-803182,202.22684
World,OWID_WRL,-802573,204.86194
World,OWID_WRL,-802060,207.49864
World,OWID_WRL,-801975,202.92172
World,OWID_WRL,-801759,202.64711
World,OWID_WRL,-800922,198.65721
World,OWID_WRL,-799286,198.68361
World,OWID_WRL,-796731,200.48946
World,OWID_WRL,-795429,197.90878
World,OWID_WRL,-794903,198.7924
World,OWID_WRL,-793737,204.61751
World,OWID_WRL,-793172,208.78937
World,OWID_WRL,-791903,218.39264
World,OWID_WRL,-791569,213.35776
World,OWID_WRL,-790667,214.45035
World,OWID_WRL,-790081,224.68576
World,OWID_WRL,-789107,230.55014
World,OWID_WRL,-788689,227.37775
World,OWID_WRL,-788003,235.48575
World,OWID_WRL,-787544,238.64096
World,OWID_WRL,-786742,257.01846
World,OWID_WRL,-786529,257.19894
World,OWID_WRL,-785854,265.9973
World,OWID_WRL,-785406,269.35596
World,OWID_WRL,-784613,264.34503
World,OWID_WRL,-784240,262.2298
World,OWID_WRL,-783569,259.6646
World,OWID_WRL,-783084,255.84554
World,OWID_WRL,-782312,260.91815
World,OWID_WRL,-781248,255.01817
World,OWID_WRL,-780778,257.4363
World,OWID_WRL,-779937,251.50919
World,OWID_WRL,-779613,257.21033
World,OWID_WRL,-778769,252.52126
World,OWID_WRL,-778239,254.43211
World,OWID_WRL,-777418,254.68956
World,OWID_WRL,-777108,254.92705
World,OWID_WRL,-776283,252.45554
World,OWID_WRL,-775732,247.3032
World,OWID_WRL,-774833,248.92348
World,OWID_WRL,-774382,245.31805
World,OWID_WRL,-773588,241.74109
World,OWID_WRL,-773009,238.38507
World,OWID_WRL,-772094,239.2312
World,OWID_WRL,-771734,237.77945
World,OWID_WRL,-771300,246.03058
World,OWID_WRL,-771046,243.85475
World,OWID_WRL,-770788,246.49457
World,OWID_WRL,-770525,243.88525
World,OWID_WRL,-770225,239.712
World,OWID_WRL,-769863,234.24055
World,OWID_WRL,-769569,236.3189
World,OWID_WRL,-769071,229.56424
World,OWID_WRL,-768649,230.6269
World,OWID_WRL,-767701,225.86636
World,OWID_WRL,-767111,221.64093
World,OWID_WRL,-766167,223.81796
World,OWID_WRL,-765797,224.86467
World,OWID_WRL,-764859,230.62292
World,OWID_WRL,-764238,232.11545
World,OWID_WRL,-763902,229.40749
World,OWID_WRL,-763637,233.6609
World,OWID_WRL,-763232,222.92609
World,OWID_WRL,-762727,223.89294
World,OWID_WRL,-761821,219.94815
World,OWID_WRL,-761152,213.9998
World,OWID_WRL,-760216,214.69402
World,OWID_WRL,-759914,216.64081
World,OWID_WRL,-758990,222.70857
World,OWID_WRL,-758566,225.61583
World,OWID_WRL,-758158,225.37367
World,OWID_WRL,-757928,223.02365
World,OWID_WRL,-757612,226.94301
World,OWID_WRL,-757186,222.7201
World,OWID_WRL,-756412,218.35196
World,OWID_WRL,-755835,213.61139
World,OWID_WRL,-754901,209.44508
World,OWID_WRL,-754616,208.10367
World,OWID_WRL,-753637,203.2997
World,OWID_WRL,-753165,199.04605
World,OWID_WRL,-751985,203.9028
World,OWID_WRL,-751539,195.43388
World,OWID_WRL,-750616,197.49573
World,OWID_WRL,-750024,193.54716
World,OWID_WRL,-749086,191.29604
World,OWID_WRL,-748756,192.07593
World,OWID_WRL,-747864,190.17484
World,OWID_WRL,-747313,188.67888
World,OWID_WRL,-746387,187.54376
World,OWID_WRL,-745990,187.95229
World,OWID_WRL,-745227,187.91988
World,OWID_WRL,-744670,190.24155
World,OWID_WRL,-743721,187.29233
World,OWID_WRL,-742573,188.96883
World,OWID_WRL,-742009,188.1796
World,OWID_WRL,-741112,187.3272
World,OWID_WRL,-740695,188.64664
World,OWID_WRL,-739924,189.14262
World,OWID_WRL,-739380,184.76709
World,OWID_WRL,-738511,183.39253
World,OWID_WRL,-738156,185.40236
World,OWID_WRL,-737225,185.60966
World,OWID_WRL,-736631,191.74411
World,OWID_WRL,-735710,204.5191
World,OWID_WRL,-735320,206.92018
World,OWID_WRL,-734572,213.14403
World,OWID_WRL,-734157,217.19447
World,OWID_WRL,-733460,217.88284
World,OWID_WRL,-733185,214.66241
World,OWID_WRL,-732513,216.1486
World,OWID_WRL,-732072,210.60175
World,OWID_WRL,-731379,207.72075
World,OWID_WRL,-731044,208.1143
World,OWID_WRL,-730372,213.73187
World,OWID_WRL,-729911,211.62321
World,OWID_WRL,-729234,210.70238
World,OWID_WRL,-728958,210.16351
World,OWID_WRL,-728310,212.17165
World,OWID_WRL,-727887,210.015
World,OWID_WRL,-727038,211.07782
World,OWID_WRL,-726644,210.24197
World,OWID_WRL,-725948,210.0675
World,OWID_WRL,-724627,211.42657
World,OWID_WRL,-724300,211.07599
World,OWID_WRL,-723524,211.49197
World,OWID_WRL,-723025,210.48068
World,OWID_WRL,-722192,214.01259
World,OWID_WRL,-721830,212.54541
World,OWID_WRL,-721045,212.10808
World,OWID_WRL,-720556,216.09677
World,OWID_WRL,-719740,218.95694
World,OWID_WRL,-719458,219.20036
World,OWID_WRL,-718641,217.0427
World,OWID_WRL,-718137,212.03052
World,OWID_WRL,-717337,200.82349
World,OWID_WRL,-716828,193.4609
World,OWID_WRL,-716006,189.87843
World,OWID_WRL,-715398,198.4256
World,OWID_WRL,-714636,210.50989
World,OWID_WRL,-714360,213.59999
World,OWID_WRL,-713615,227.5827
World,OWID_WRL,-713166,223.14262
World,OWID_WRL,-712454,227.08319
World,OWID_WRL,-712116,227.63734
World,OWID_WRL,-711362,223.8857
World,OWID_WRL,-710294,224.00174
World,OWID_WRL,-710071,224.12344
World,OWID_WRL,-709449,225.38896
World,OWID_WRL,-709033,224.90173
World,OWID_WRL,-708506,227.03282
World,OWID_WRL,-707960,230.50735
World,OWID_WRL,-707504,231.43297
World,OWID_WRL,-707009,234.83617
World,OWID_WRL,-706463,233.11229
World,OWID_WRL,-706250,233.58348
World,OWID_WRL,-705694,233.5053
World,OWID_WRL,-705361,238.84807
World,OWID_WRL,-704761,236.04533
World,OWID_WRL,-704543,236.0537
World,OWID_WRL,-704103,237.66122
World,OWID_WRL,-703777,237.18468
World,OWID_WRL,-703294,235.09172
World,OWID_WRL,-703103,234.0427
World,OWID_WRL,-702632,233.5445
World,OWID_WRL,-702300,232.82959
World,OWID_WRL,-701846,232.28052
World,OWID_WRL,-701518,233.35391
World,OWID_WRL,-701060,230.58783
World,OWID_WRL,-700784,232.18245
World,OWID_WRL,-700251,232.16212
World,OWID_WRL,-700043,230.8848
World,OWID_WRL,-699574,232.45601
World,OWID_WRL,-699318,235.42152
World,OWID_WRL,-698865,236.607
World,OWID_WRL,-698535,236.71739
World,OWID_WRL,-698154,237.20612
World,OWID_WRL,-697915,239.72643
World,OWID_WRL,-697489,239.00952
World,OWID_WRL,-697266,238.86362
World,OWID_WRL,-696803,241.83203
World,OWID_WRL,-696556,240.89905
World,OWID_WRL,-696089,241.02992
World,OWID_WRL,-695797,239.88475
World,OWID_WRL,-695392,238.41998
World,OWID_WRL,-695140,239.43549
World,OWID_WRL,-694695,238.13269
World,OWID_WRL,-694485,238.05185
World,OWID_WRL,-694032,238.73723
World,OWID_WRL,-693782,236.79874
World,OWID_WRL,-693309,239.79654
World,OWID_WRL,-692999,239.31113
World,OWID_WRL,-692587,240.4567
World,OWID_WRL,-692330,239.34064
World,OWID_WRL,-691871,237.75601
World,OWID_WRL,-691624,243.69955
World,OWID_WRL,-691127,238.4733
World,OWID_WRL,-690882,239.2984
World,OWID_WRL,-690368,243.56232
World,OWID_WRL,-690018,239.37874
World,OWID_WRL,-689518,238.416
World,OWID_WRL,-689272,239.28793
World,OWID_WRL,-688786,236.45357
World,OWID_WRL,-688525,235.80005
World,OWID_WRL,-688001,232.26747
World,OWID_WRL,-687743,232.07478
World,OWID_WRL,-687208,230.6688
World,OWID_WRL,-686860,227.63585
World,OWID_WRL,-686350,227.65047
World,OWID_WRL,-686050,226.72893
World,OWID_WRL,-685496,222.96501
World,OWID_WRL,-685204,222.70444
World,OWID_WRL,-684632,222.61792
World,OWID_WRL,-684319,220.63167
World,OWID_WRL,-683730,220.62262
World,OWID_WRL,-683345,221.82036
World,OWID_WRL,-682808,224.35608
World,OWID_WRL,-682474,225.6416
World,OWID_WRL,-681879,222.69672
World,OWID_WRL,-681508,220.23521
World,OWID_WRL,-680790,219.14119
World,OWID_WRL,-680394,221.30626
World,OWID_WRL,-679720,227.89516
World,OWID_WRL,-679276,225.80856
World,OWID_WRL,-678678,233.108
World,OWID_WRL,-678363,233.61111
World,OWID_WRL,-677785,232.70102
World,OWID_WRL,-677505,229.16046
World,OWID_WRL,-676792,220.08624
World,OWID_WRL,-676378,218.20973
World,OWID_WRL,-675651,216.5907
World,OWID_WRL,-675202,219.96239
World,OWID_WRL,-674581,222.57486
World,OWID_WRL,-673457,216.12248
World,OWID_WRL,-673078,211.69145
World,OWID_WRL,-672279,204.66974
World,OWID_WRL,-671746,201.1221
World,OWID_WRL,-670811,197.12915
World,OWID_WRL,-670201,194.78957
World,OWID_WRL,-669508,196.82755
World,OWID_WRL,-669121,194.87837
World,OWID_WRL,-668346,191.51413
World,OWID_WRL,-667869,187.65553
World,OWID_WRL,-666966,180.67055
World,OWID_WRL,-666465,177.71466
World,OWID_WRL,-665460,173.71362
World,OWID_WRL,-664803,174.76868
World,OWID_WRL,-663886,180.53769
World,OWID_WRL,-663372,180.1666
World,OWID_WRL,-662458,187.76703
World,OWID_WRL,-662370,192.5532
World,OWID_WRL,-661988,191.02249
World,OWID_WRL,-660928,190.86102
World,OWID_WRL,-660847,193.90822
World,OWID_WRL,-660332,189.69058
World,OWID_WRL,-659266,191.5917
World,OWID_WRL,-659168,193.97003
World,OWID_WRL,-658514,188.43428
World,OWID_WRL,-657462,185.68379
World,OWID_WRL,-657344,187.38008
World,OWID_WRL,-656814,184.09813
World,OWID_WRL,-655772,190.87694
World,OWID_WRL,-655704,189.23341
World,OWID_WRL,-655231,192.93413
World,OWID_WRL,-654183,200.35242
World,OWID_WRL,-653574,199.99596
World,OWID_WRL,-652489,194.81602
World,OWID_WRL,-651780,192.86917
World,OWID_WRL,-650759,186.79376
World,OWID_WRL,-650154,187.27489
World,OWID_WRL,-648997,193.44316
World,OWID_WRL,-648398,189.25018
World,OWID_WRL,-647241,196.1715
World,OWID_WRL,-646662,193.4766
World,OWID_WRL,-645305,191.84807
World,OWID_WRL,-644427,189.88548
World,OWID_WRL,-643201,195.82043
World,OWID_WRL,-642351,195.30614
World,OWID_WRL,-640907,191.56058
World,OWID_WRL,-640125,191.38426
World,OWID_WRL,-638422,190.17773
World,OWID_WRL,-637468,188.84773
World,OWID_WRL,-635764,195.3315
World,OWID_WRL,-634572,194.0026
World,OWID_WRL,-633059,194.85936
World,OWID_WRL,-632931,195.94989
World,OWID_WRL,-632128,193.0979
World,OWID_WRL,-630407,196.49918
World,OWID_WRL,-629576,200.45706
World,OWID_WRL,-627916,200.77734
World,OWID_WRL,-627820,205.26582
World,OWID_WRL,-627190,199.52417
World,OWID_WRL,-625880,205.7631
World,OWID_WRL,-625019,215.70969
World,OWID_WRL,-624098,228.51222
World,OWID_WRL,-623448,235.0233
World,OWID_WRL,-622547,237.92851
World,OWID_WRL,-621105,239.1923
World,OWID_WRL,-621001,243.88545
World,OWID_WRL,-619701,243.53069
World,OWID_WRL,-618334,245.88658
World,OWID_WRL,-617004,248.28894
World,OWID_WRL,-615660,252.63945
World,OWID_WRL,-614407,252.7298
World,OWID_WRL,-614349,252.89825
World,OWID_WRL,-613191,252.74797
World,OWID_WRL,-611993,256.19357
World,OWID_WRL,-610812,258.13797
World,OWID_WRL,-609651,259.68472
World,OWID_WRL,-609601,257.8151
World,OWID_WRL,-608480,257.74487
World,OWID_WRL,-607297,259.2238
World,OWID_WRL,-606029,254.57832
World,OWID_WRL,-604676,248.48018
World,OWID_WRL,-603353,244.53226
World,OWID_WRL,-601999,239.14012
World,OWID_WRL,-600651,237.85828
World,OWID_WRL,-599305,232.45479
World,OWID_WRL,-597865,229.38148
World,OWID_WRL,-597268,225.97166
World,OWID_WRL,-596380,219.02228
World,OWID_WRL,-595854,216.2731
World,OWID_WRL,-594841,216.44101
World,OWID_WRL,-594272,221.21724
World,OWID_WRL,-593486,232.91795
World,OWID_WRL,-592914,237.97722
World,OWID_WRL,-592097,238.1476
World,OWID_WRL,-591611,233.16322
World,OWID_WRL,-590836,229.38667
World,OWID_WRL,-590434,225.6788
World,OWID_WRL,-589069,237.37752
World,OWID_WRL,-588539,243.5553
World,OWID_WRL,-588090,248.10464
World,OWID_WRL,-587475,250.20456
World,OWID_WRL,-586991,246.34602
World,OWID_WRL,-586329,238.78412
World,OWID_WRL,-585939,234.40092
World,OWID_WRL,-585222,225.99294
World,OWID_WRL,-584771,223.95763
World,OWID_WRL,-582009,210.63902
World,OWID_WRL,-581624,206.68126
World,OWID_WRL,-580886,209.88342
World,OWID_WRL,-580504,215.44586
World,OWID_WRL,-579978,219.41266
World,OWID_WRL,-579596,225.20705
World,OWID_WRL,-579169,230.25539
World,OWID_WRL,-578864,236.17023
World,OWID_WRL,-578452,243.80714
World,OWID_WRL,-578260,244.13979
World,OWID_WRL,-577883,251.47302
World,OWID_WRL,-577331,252.9234
World,OWID_WRL,-576792,249.05687
World,OWID_WRL,-576246,251.07927
World,OWID_WRL,-575704,251.34172
World,OWID_WRL,-575165,251.29657
World,OWID_WRL,-574649,252.89735
World,OWID_WRL,-574163,252.5437
World,OWID_WRL,-573705,248.86392
World,OWID_WRL,-573284,252.08003
World,OWID_WRL,-572856,251.86151
World,OWID_WRL,-572415,251.7666
World,OWID_WRL,-571963,248.72078
World,OWID_WRL,-571526,249.18619
World,OWID_WRL,-571104,247.65697
World,OWID_WRL,-570720,246.30956
World,OWID_WRL,-570366,250.301
World,OWID_WRL,-570025,251.6
World,OWID_WRL,-569683,249.6
World,OWID_WRL,-569311,251.8
World,OWID_WRL,-568912,251.8
World,OWID_WRL,-568513,251.3
World,OWID_WRL,-568117,250
World,OWID_WRL,-567734,251.3
World,OWID_WRL,-567365,250.2
World,OWID_WRL,-566980,253
World,OWID_WRL,-566584,252.8
World,OWID_WRL,-566254,253.9
World,OWID_WRL,-565935,253.2
World,OWID_WRL,-565599,254.5
World,OWID_WRL,-565290,253.9
World,OWID_WRL,-564968,254.3
World,OWID_WRL,-564639,253.7
World,OWID_WRL,-564295,251.4
World,OWID_WRL,-563946,252.6
World,OWID_WRL,-563589,252.4
World,OWID_WRL,-563184,251.4
World,OWID_WRL,-562774,247.6
World,OWID_WRL,-562361,245.8
World,OWID_WRL,-561978,245.7
World,OWID_WRL,-561586,242.3
World,OWID_WRL,-561185,240.1
World,OWID_WRL,-560706,234.1
World,OWID_WRL,-560360,234.6
World,OWID_WRL,-559938,231.9
World,OWID_WRL,-559501,231.6
World,OWID_WRL,-559016,228.3
World,OWID_WRL,-558487,230.3
World,OWID_WRL,-557923,230.2
World,OWID_WRL,-557687,229.7
World,OWID_WRL,-557366,234.5
World,OWID_WRL,-556828,238.1
World,OWID_WRL,-556356,240.4
World,OWID_WRL,-556205,245.6
World,OWID_WRL,-555888,250.5
World,OWID_WRL,-555707,244
World,OWID_WRL,-555435,249.1
World,OWID_WRL,-555249,243
World,OWID_WRL,-554973,241
World,OWID_WRL,-554457,233.9
World,OWID_WRL,-553892,226.7
World,OWID_WRL,-553208,224.3
World,OWID_WRL,-552530,223.6
World,OWID_WRL,-551859,220.3
World,OWID_WRL,-551669,222.1
World,OWID_WRL,-551296,226.3
World,OWID_WRL,-551071,222.3
World,OWID_WRL,-550732,221.7
World,OWID_WRL,-550161,219.9
World,OWID_WRL,-549431,215.2
World,OWID_WRL,-548633,213.6
World,OWID_WRL,-548281,208.8
World,OWID_WRL,-547770,202.5
World,OWID_WRL,-546821,204.6
World,OWID_WRL,-545857,209.7
World,OWID_WRL,-544880,209.6
World,OWID_WRL,-543915,210.3
World,OWID_WRL,-542936,208.1
World,OWID_WRL,-541895,203.6
World,OWID_WRL,-540790,205
World,OWID_WRL,-539704,211.2
World,OWID_WRL,-538634,212.9
World,OWID_WRL,-537564,206.4
World,OWID_WRL,-536491,205
World,OWID_WRL,-535384,199.4
World,OWID_WRL,-534228,199.8
World,OWID_WRL,-533745,190.5
World,OWID_WRL,-533094,193.8
World,OWID_WRL,-532718,195.1
World,OWID_WRL,-531982,200
World,OWID_WRL,-531604,204.4
World,OWID_WRL,-531038,211.4
World,OWID_WRL,-530642,214.5
World,OWID_WRL,-530129,220.7
World,OWID_WRL,-529251,220.3
World,OWID_WRL,-528340,221.2
World,OWID_WRL,-527453,222.7
World,OWID_WRL,-526567,224.7
World,OWID_WRL,-525749,227.8
World,OWID_WRL,-524946,230.3
World,OWID_WRL,-524157,233.7
World,OWID_WRL,-523387,235.8
World,OWID_WRL,-522621,236.8
World,OWID_WRL,-521852,241.9
World,OWID_WRL,-519624,243.5
World,OWID_WRL,-518872,245.5
World,OWID_WRL,-518123,247.7
World,OWID_WRL,-517379,245.3
World,OWID_WRL,-516650,245.5
World,OWID_WRL,-515926,246.2
World,OWID_WRL,-515205,247.2
World,OWID_WRL,-514471,243
World,OWID_WRL,-513701,241.5
World,OWID_WRL,-512898,239.2
World,OWID_WRL,-512083,238.2
World,OWID_WRL,-511255,242
World,OWID_WRL,-510414,235.2
World,OWID_WRL,-509562,236.4
World,OWID_WRL,-508702,233.4
World,OWID_WRL,-507835,240.3
World,OWID_WRL,-506991,237
World,OWID_WRL,-506168,238.2
World,OWID_WRL,-505362,236
World,OWID_WRL,-504534,235.5
World,OWID_WRL,-503734,233.9
World,OWID_WRL,-502962,234.1
World,OWID_WRL,-502227,232.2
World,OWID_WRL,-501469,232
World,OWID_WRL,-500688,231.2
World,OWID_WRL,-499911,230.8
World,OWID_WRL,-499134,228.2
World,OWID_WRL,-498355,230.8
World,OWID_WRL,-497577,230.6
World,OWID_WRL,-496787,232.8
World,OWID_WRL,-496016,236.5
World,OWID_WRL,-495238,236.4
World,OWID_WRL,-494494,237.6
World,OWID_WRL,-493776,238.5
World,OWID_WRL,-493074,238.3
World,OWID_WRL,-492350,239.1
World,OWID_WRL,-491643,239.7
World,OWID_WRL,-490914,243.7
World,OWID_WRL,-490205,246.7
World,OWID_WRL,-489501,243.3
World,OWID_WRL,-488784,242.6
World,OWID_WRL,-488545,249.3
World,OWID_WRL,-488076,252.8
World,OWID_WRL,-487770,240.9
World,OWID_WRL,-487352,242
World,OWID_WRL,-486615,237.1
World,OWID_WRL,-485898,231.3
World,OWID_WRL,-485179,232.9
World,OWID_WRL,-484449,233
World,OWID_WRL,-483718,231.2
World,OWID_WRL,-482986,231.4
World,OWID_WRL,-482230,231.4
World,OWID_WRL,-481445,227.3
World,OWID_WRL,-480631,223.4
World,OWID_WRL,-479713,223.8
World,OWID_WRL,-478777,218.8
World,OWID_WRL,-478378,220.8
World,OWID_WRL,-477826,231.3
World,OWID_WRL,-477453,236.5
World,OWID_WRL,-476942,239.1
World,OWID_WRL,-475991,236.6
World,OWID_WRL,-475000,232.8
World,OWID_WRL,-473975,233.1
World,OWID_WRL,-473024,241.2
World,OWID_WRL,-472142,245.6
World,OWID_WRL,-471851,243.9
World,OWID_WRL,-471268,243.7
World,OWID_WRL,-470913,232.7
World,OWID_WRL,-470313,229.2
World,OWID_WRL,-469875,218.7
World,OWID_WRL,-469251,215.5
World,OWID_WRL,-468776,206.5
World,OWID_WRL,-468090,205.5
World,OWID_WRL,-466928,203.4
World,OWID_WRL,-465757,204.4
World,OWID_WRL,-464682,208.1
World,OWID_WRL,-463652,210
World,OWID_WRL,-463315,205.2
World,OWID_WRL,-462649,199.9
World,OWID_WRL,-461577,194.4
World,OWID_WRL,-460464,190.7
World,OWID_WRL,-459336,195.5
World,OWID_WRL,-458302,202.4
World,OWID_WRL,-457262,208.3
World,OWID_WRL,-456844,203.3
World,OWID_WRL,-456258,204.3
World,OWID_WRL,-455795,199.1
World,OWID_WRL,-455164,192.5
World,OWID_WRL,-454052,193.3
World,OWID_WRL,-452914,198.4
World,OWID_WRL,-451826,201.9
World,OWID_WRL,-450786,204.9
World,OWID_WRL,-449797,201.2
World,OWID_WRL,-448693,201.7
World,OWID_WRL,-447621,208.1
World,OWID_WRL,-446509,203.5
World,OWID_WRL,-445269,201.1
World,OWID_WRL,-443382,199.1
World,OWID_WRL,-441895,202
World,OWID_WRL,-440281,201.3
World,OWID_WRL,-438710,201.7
World,OWID_WRL,-437113,200.3
World,OWID_WRL,-435535,207.5
World,OWID_WRL,-433990,209.8
World,OWID_WRL,-432429,207.6
World,OWID_WRL,-431900,211.5
World,OWID_WRL,-430229,227.2
World,OWID_WRL,-429074,219.7
World,OWID_WRL,-427228,242.5
World,OWID_WRL,-426890,248.2
World,OWID_WRL,-425991,252.1
World,OWID_WRL,-425205,255.3
World,OWID_WRL,-424672,265.4
World,OWID_WRL,-424287,270
World,OWID_WRL,-423791,270.8
World,OWID_WRL,-423182,268.3
World,OWID_WRL,-422558,267.7
World,OWID_WRL,-421276,270.6
World,OWID_WRL,-420583,266.4
World,OWID_WRL,-419962,268.6
World,OWID_WRL,-418752,273.8
World,OWID_WRL,-418184,271.2
World,OWID_WRL,-417626,273.7
World,OWID_WRL,-416555,274.6
World,OWID_WRL,-416007,271.8
World,OWID_WRL,-415490,273.4
World,OWID_WRL,-414475,271.7
World,OWID_WRL,-413996,276.4
World,OWID_WRL,-413230,271.6
World,OWID_WRL,-412261,264.9
World,OWID_WRL,-411309,274.9
World,OWID_WRL,-409398,283.5
World,OWID_WRL,-408504,282.6
World,OWID_WRL,-407648,274.7
World,OWID_WRL,-406869,284.5
World,OWID_WRL,-405332,285.6
World,OWID_WRL,-404593,279.6
World,OWID_WRL,-403113,280.5
World,OWID_WRL,-402363,276.5
World,OWID_WRL,-400910,275.7
World,OWID_WRL,-400191,283.1
World,OWID_WRL,-398760,283.2
World,OWID_WRL,-397976,277.1
World,OWID_WRL,-396325,276.3
World,OWID_WRL,-392956,260.7
World,OWID_WRL,-392054,273.6
World,OWID_WRL,-391027,259.5
World,OWID_WRL,-390337,258.1
World,OWID_WRL,-387460,245.8
World,OWID_WRL,-385875,246.8
World,OWID_WRL,-384334,239.1
World,OWID_WRL,-382607,240
World,OWID_WRL,-380982,227
World,OWID_WRL,-376810,229.6
World,OWID_WRL,-375085,224.6
World,OWID_WRL,-373255,214.7
World,OWID_WRL,-371508,199.9
World,OWID_WRL,-369436,201.9
World,OWID_WRL,-366116,206.3
World,OWID_WRL,-363240,201.2
World,OWID_WRL,-360618,185.8
World,OWID_WRL,-358734,186.1
World,OWID_WRL,-357060,193
World,OWID_WRL,-353868,209.2
World,OWID_WRL,-352463,209.4
World,OWID_WRL,-351225,216.2
World,OWID_WRL,-349726,221.1
World,OWID_WRL,-347189,220.3
World,OWID_WRL,-345595,211.9
World,OWID_WRL,-344371,204.8
World,OWID_WRL,-343051,205.2
World,OWID_WRL,-341974,200.7
World,OWID_WRL,-340842,250.1
World,OWID_WRL,-338785,234.2
World,OWID_WRL,-338034,239.6
World,OWID_WRL,-337041,241.9
World,OWID_WRL,-336264,255.7
World,OWID_WRL,-335567,270.5
World,OWID_WRL,-334918,278.6
World,OWID_WRL,-334428,285.8
World,OWID_WRL,-333758,278.1
World,OWID_WRL,-333152,298.6
World,OWID_WRL,-332594,288.4
World,OWID_WRL,-332400,289.1
World,OWID_WRL,-332048,282.4
World,OWID_WRL,-331550,273.1
World,OWID_WRL,-330849,272.6
World,OWID_WRL,-330194,271.7
World,OWID_WRL,-329344,265
World,OWID_WRL,-328103,275.1
World,OWID_WRL,-327464,271.9
World,OWID_WRL,-326821,270.1
World,OWID_WRL,-326137,266.1
World,OWID_WRL,-325486,264
World,OWID_WRL,-324641,266.2
World,OWID_WRL,-323873,260.5
World,OWID_WRL,-323057,260.3
World,OWID_WRL,-322217,260.4
World,OWID_WRL,-321433,257.2
World,OWID_WRL,-319867,249.2
World,OWID_WRL,-318966,255.8
World,OWID_WRL,-317880,233.4
World,OWID_WRL,-316903,245.2
World,OWID_WRL,-315983,251.6
World,OWID_WRL,-315200,272.6
World,OWID_WRL,-314501,246.8
World,OWID_WRL,-313708,257.1
World,OWID_WRL,-312886,256.7
World,OWID_WRL,-312102,251.6
World,OWID_WRL,-311393,241.9
World,OWID_WRL,-310643,239
World,OWID_WRL,-309720,237.8
World,OWID_WRL,-308826,233.2
World,OWID_WRL,-308061,226.2
World,OWID_WRL,-307474,227.8
World,OWID_WRL,-306376,225.8
World,OWID_WRL,-305513,244.8
World,OWID_WRL,-304631,248.6
World,OWID_WRL,-303828,250.2
World,OWID_WRL,-303150,240.7
World,OWID_WRL,-302151,240.2
World,OWID_WRL,-301166,236
World,OWID_WRL,-300134,239
World,OWID_WRL,-299076,236.1
World,OWID_WRL,-298166,231
World,OWID_WRL,-297426,224.4
World,OWID_WRL,-296755,217.1
World,OWID_WRL,-294879,213.1
World,OWID_WRL,-293414,212.7
World,OWID_WRL,-292505,206.7
World,OWID_WRL,-291701,206
World,OWID_WRL,-290868,207.6
World,OWID_WRL,-289613,217.1
World,OWID_WRL,-288914,220.4
World,OWID_WRL,-288234,234.9
World,OWID_WRL,-286336,231
World,OWID_WRL,-285870,230.4
World,OWID_WRL,-285494,231.4
World,OWID_WRL,-284660,226.4
World,OWID_WRL,-283981,228
World,OWID_WRL,-282485,231.3
World,OWID_WRL,-280643,223.7
World,OWID_WRL,-279451,215.3
World,OWID_WRL,-278609,211
World,OWID_WRL,-277669,204.5
World,OWID_WRL,-276641,202.2
World,OWID_WRL,-275493,193.2
World,OWID_WRL,-274308,198.4
World,OWID_WRL,-273205,194.1
World,OWID_WRL,-272214,193.9
World,OWID_WRL,-271216,190.4
World,OWID_WRL,-270200,184.7
World,OWID_WRL,-269086,198.8
World,OWID_WRL,-267990,194.2
World,OWID_WRL,-267046,187.2
World,OWID_WRL,-266308,188.7
World,OWID_WRL,-265057,211.7
World,OWID_WRL,-264184,199.9
World,OWID_WRL,-262634,228.1
World,OWID_WRL,-260867,214.6
World,OWID_WRL,-260105,208.9
World,OWID_WRL,-259344,205.7
World,OWID_WRL,-258944,209.6
World,OWID_WRL,-257447,203.9
World,OWID_WRL,-255958,204
World,OWID_WRL,-255111,201.9
World,OWID_WRL,-254349,199
World,OWID_WRL,-252637,195.4
World,OWID_WRL,-251807,196.7
World,OWID_WRL,-251004,195.4
World,OWID_WRL,-250182,213.9
World,OWID_WRL,-249441,200.2
World,OWID_WRL,-247150,214.7
World,OWID_WRL,-244920,219.4
World,OWID_WRL,-244239,230.4
World,OWID_WRL,-243614,236.7
World,OWID_WRL,-243107,249.9
World,OWID_WRL,-242632,252.3
World,OWID_WRL,-242172,263.7
World,OWID_WRL,-241189,280.2
World,OWID_WRL,-240735,279
World,OWID_WRL,-239905,263.2
World,OWID_WRL,-239383,259.7
World,OWID_WRL,-238240,252.8
World,OWID_WRL,-237789,247.4
World,OWID_WRL,-237437,245.8
World,OWID_WRL,-237058,245.6
World,OWID_WRL,-236475,239.1
World,OWID_WRL,-235956,243.1
World,OWID_WRL,-235442,247.4
World,OWID_WRL,-234901,241.4
World,OWID_WRL,-234476,252.1
World,OWID_WRL,-234041,245.2
World,OWID_WRL,-230906,241.6
World,OWID_WRL,-230242,233.9
World,OWID_WRL,-229180,232.4
World,OWID_WRL,-227622,224.5
World,OWID_WRL,-226817,233.1
World,OWID_WRL,-226489,234.5
World,OWID_WRL,-225770,235.5
World,OWID_WRL,-224900,215.7
World,OWID_WRL,-224310,203.3
World,OWID_WRL,-222322,205.6
World,OWID_WRL,-221179,208.8
World,OWID_WRL,-220590,207.1
World,OWID_WRL,-219747,216.1
World,OWID_WRL,-218986,214.1
World,OWID_WRL,-217118,240.5
World,OWID_WRL,-216251,245.3
World,OWID_WRL,-215745,251.1
World,OWID_WRL,-215466,251.7
World,OWID_WRL,-214915,247.5
World,OWID_WRL,-214356,242.6
World,OWID_WRL,-213962,240.3
World,OWID_WRL,-213131,241.4
World,OWID_WRL,-212209,251.2
World,OWID_WRL,-211380,243.4
World,OWID_WRL,-210583,257.4
World,OWID_WRL,-210129,239.5
World,OWID_WRL,-209628,246.9
World,OWID_WRL,-209108,252
World,OWID_WRL,-208882,247.2
World,OWID_WRL,-208225,243.9
World,OWID_WRL,-208016,244.6
World,OWID_WRL,-207495,242.2
World,OWID_WRL,-207132,240.5
World,OWID_WRL,-206872,230
World,OWID_WRL,-206325,237.2
World,OWID_WRL,-206159,238.1
World,OWID_WRL,-205673,231.4
World,OWID_WRL,-205290,229.4
World,OWID_WRL,-204947,226.3
World,OWID_WRL,-204410,228.6
World,OWID_WRL,-203995,232.2
World,OWID_WRL,-203626,231.9
World,OWID_WRL,-203253,244.4
World,OWID_WRL,-201892,247.6
World,OWID_WRL,-200794,239.1
World,OWID_WRL,-199802,250.9
World,OWID_WRL,-196988,242.6
World,OWID_WRL,-196377,241.2
World,OWID_WRL,-195637,226.4
World,OWID_WRL,-193850,220
World,OWID_WRL,-193176,226.5
World,OWID_WRL,-191124,218
World,OWID_WRL,-190014,220.3
World,OWID_WRL,-189304,231.4
World,OWID_WRL,-187856,231.3
World,OWID_WRL,-186487,210.7
World,OWID_WRL,-184461,203.4
World,OWID_WRL,-182421,199.7
World,OWID_WRL,-181308,198.1
World,OWID_WRL,-180246,217.7
World,OWID_WRL,-179352,213.2
World,OWID_WRL,-177923,207.7
World,OWID_WRL,-175780,190.1
World,OWID_WRL,-175584,189.4
World,OWID_WRL,-174903,190.3
World,OWID_WRL,-173883,196
World,OWID_WRL,-172492,197.7
World,OWID_WRL,-169989,197.8
World,OWID_WRL,-167564,196.6
World,OWID_WRL,-166796,183.8
World,OWID_WRL,-165964,186.7
World,OWID_WRL,-164834,190.1
World,OWID_WRL,-164193,191.6
World,OWID_WRL,-162385,196.5
World,OWID_WRL,-161908,204.3
World,OWID_WRL,-158205,187.5
World,OWID_WRL,-157766,185.5
World,OWID_WRL,-156716,189
World,OWID_WRL,-154357,189.38
World,OWID_WRL,-152939,196.3
World,OWID_WRL,-151825,198.78
World,OWID_WRL,-149495,202.35
World,OWID_WRL,-148645,202.51
World,OWID_WRL,-147516,201.78
World,OWID_WRL,-146283,195.81
World,OWID_WRL,-144158,193.59
World,OWID_WRL,-142850,196.02
World,OWID_WRL,-141701,194.59
World,OWID_WRL,-140411,196.51
World,OWID_WRL,-138000,192.75
World,OWID_WRL,-136884,198.55
World,OWID_WRL,-135813,199.18
World,OWID_WRL,-134616,203.74
World,OWID_WRL,-132572,212.43
World,OWID_WRL,-131826,222.74
World,OWID_WRL,-130982,224.63
World,OWID_WRL,-130760,228
World,OWID_WRL,-130026,232.28
World,OWID_WRL,-129372,241.13
World,OWID_WRL,-128868,250.84
World,OWID_WRL,-128423,251.84
World,OWID_WRL,-127706,260.61
World,OWID_WRL,-127128,268.44
World,OWID_WRL,-126928,271.08
World,OWID_WRL,-126517,285.76
World,OWID_WRL,-126223,280.72
World,OWID_WRL,-126074,276.03
World,OWID_WRL,-125554,276.88
World,OWID_WRL,-125364,275.78
World,OWID_WRL,-125012,274.93
World,OWID_WRL,-124750,273.02
World,OWID_WRL,-124064,275.15
World,OWID_WRL,-123343,276.81
World,OWID_WRL,-122867,275.52
World,OWID_WRL,-122455,281.54
World,OWID_WRL,-122009,275.87
World,OWID_WRL,-121681,274.6
World,OWID_WRL,-121064,279.16
World,OWID_WRL,-120342,279
World,OWID_WRL,-120150,278.25
World,OWID_WRL,-119892,276.61
World,OWID_WRL,-119476,279.48
World,OWID_WRL,-118593,276.82
World,OWID_WRL,-118194,268.73
World,OWID_WRL,-117766,274.59
World,OWID_WRL,-117293,267.74
World,OWID_WRL,-116708,277.72
World,OWID_WRL,-115669,274.98
World,OWID_WRL,-115236,274.03
World,OWID_WRL,-114526,273.63
World,OWID_WRL,-113959,273.16
World,OWID_WRL,-113497,276.96
World,OWID_WRL,-112865,275.07
World,OWID_WRL,-112300,267.9
World,OWID_WRL,-111729,260.58
World,OWID_WRL,-111169,264.75
World,OWID_WRL,-110992,263.12
World,OWID_WRL,-110686,256.79
World,OWID_WRL,-109927,257.93
World,OWID_WRL,-108605,246.69
World,OWID_WRL,-107890,244.13
World,OWID_WRL,-107179,244.44
World,OWID_WRL,-106452,236.43
World,OWID_WRL,-105025,240.34
World,OWID_WRL,-104418,244.83
World,OWID_WRL,-104306,241.4
World,OWID_WRL,-104040,257.58
World,OWID_WRL,-103557,248.78
World,OWID_WRL,-103016,242.36
World,OWID_WRL,-102381,238.88
World,OWID_WRL,-102324,247.76163
World,OWID_WRL,-101359,240.68407
World,OWID_WRL,-100815,237.07327
World,OWID_WRL,-100022,240.07153
World,OWID_WRL,-99376,244.76242
World,OWID_WRL,-98593,247.87212
World,OWID_WRL,-98127,245.62558
World,OWID_WRL,-97411,242.98972
World,OWID_WRL,-96634,243.17989
World,OWID_WRL,-95977,239.8585
World,OWID_WRL,-95321,242.35406
World,OWID_WRL,-94525,245.76472
World,OWID_WRL,-93971,246.19647
World,OWID_WRL,-93284,242.91412
World,OWID_WRL,-92619,242.40636
World,OWID_WRL,-91873,238.20709
World,OWID_WRL,-91475,235.16
World,OWID_WRL,-90718,232.45569
World,OWID_WRL,-90000,233.74184
World,OWID_WRL,-89495,231.12076
World,OWID_WRL,-88884,231.55865
World,OWID_WRL,-88367,229.73738
World,OWID_WRL,-87746,228.87834
World,OWID_WRL,-87295,227.37837
World,OWID_WRL,-86751,223.98941
World,OWID_WRL,-86186,217.80096
World,OWID_WRL,-85631,223.62975
World,OWID_WRL,-85078,221.0556
World,OWID_WRL,-84548,223.37741
World,OWID_WRL,-83941,228.76305
World,OWID_WRL,-83417,234.6861
World,OWID_WRL,-82987,238.42311
World,OWID_WRL,-82407,243.16072
World,OWID_WRL,-81991,250.78746
World,OWID_WRL,-81604,247.10037
World,OWID_WRL,-81038,246.32246
World,OWID_WRL,-80577,240.87296
World,OWID_WRL,-80119,238.88896
World,OWID_WRL,-79761,234.13417
World,OWID_WRL,-79257,230.32954
World,OWID_WRL,-78772,233.92302
World,OWID_WRL,-78380,230.60059
World,OWID_WRL,-77928,234.74268
World,OWID_WRL,-77460,229.25534
World,OWID_WRL,-77020,227.29935
World,OWID_WRL,-76558,224.14275
World,OWID_WRL,-76131,226.64717
World,OWID_WRL,-75666,224.91795
World,OWID_WRL,-75106,231.68344
World,OWID_WRL,-74747,238.01317
World,OWID_WRL,-74297,239.3414
World,OWID_WRL,-73901,249.93958
World,OWID_WRL,-73595,249.52368
World,OWID_WRL,-73118,243.27
World,OWID_WRL,-72576,241.2404
World,OWID_WRL,-72271,231.33398
World,OWID_WRL,-71801,232.73508
World,OWID_WRL,-71269,230.89096
World,OWID_WRL,-70916,232.33476
World,OWID_WRL,-70540,232.79086
World,OWID_WRL,-70143,239.45636
World,OWID_WRL,-69744,237.56345
World,OWID_WRL,-69329,235.01578
World,OWID_WRL,-68979,225.17216
World,OWID_WRL,-68477,220.32661
World,OWID_WRL,-68102,215.55081
World,OWID_WRL,-67642,211.25839
World,OWID_WRL,-67132,205.42036
World,OWID_WRL,-66670,203.42548
World,OWID_WRL,-66196,200.17044
World,OWID_WRL,-65780,203.7588
World,OWID_WRL,-65365,201.1419
World,OWID_WRL,-65010,207.20523
World,OWID_WRL,-64489,204.386
World,OWID_WRL,-63987,200.59108
World,OWID_WRL,-63815,198.1736
World,OWID_WRL,-63596,208.97578
World,OWID_WRL,-63097,199.1708
World,OWID_WRL,-62917,201.67027
World,OWID_WRL,-62707,203.69547
World,OWID_WRL,-62164,199.72803
World,OWID_WRL,-61947,197.24237
World,OWID_WRL,-61606,197.40344
World,OWID_WRL,-61011,200.14813
World,OWID_WRL,-60825,202.70868
World,OWID_WRL,-60602,202.55675
World,OWID_WRL,-59951,206.37689
World,OWID_WRL,-59604,210.9034
World,OWID_WRL,-59285,210.5677
World,OWID_WRL,-59111,207.95425
World,OWID_WRL,-58868,213.77896
World,OWID_WRL,-58567,217.25313
World,OWID_WRL,-58423,212.87091
World,OWID_WRL,-58160,216.66068
World,OWID_WRL,-57783,223.45482
World,OWID_WRL,-57430,226.35329
World,OWID_WRL,-57155,231.29358
World,OWID_WRL,-56483,223.14854
World,OWID_WRL,-56267,224.3534
World,OWID_WRL,-55894,223.71829
World,OWID_WRL,-55526,217.37633
World,OWID_WRL,-55261,215.69653
World,OWID_WRL,-54554,212.43669
World,OWID_WRL,-54287,207.67412
World,OWID_WRL,-53960,210.27487
World,OWID_WRL,-53603,214.77664
World,OWID_WRL,-53343,208.19351
World,OWID_WRL,-53064,216.85791
World,OWID_WRL,-52745,213.88701
World,OWID_WRL,-52437,217.95674
World,OWID_WRL,-52207,220.37436
World,OWID_WRL,-51856,221.13791
World,OWID_WRL,-51450,223.262
World,OWID_WRL,-51158,223.71721
World,OWID_WRL,-50851,221.1479
World,OWID_WRL,-50624,220.72362
World,OWID_WRL,-50435,219.08253
World,OWID_WRL,-50137,213.81781
World,OWID_WRL,-49830,215.07713
World,OWID_WRL,-49481,211.57085
World,OWID_WRL,-49079,207.63643
World,OWID_WRL,-48577,207.40999
World,OWID_WRL,-48271,206.74403
World,OWID_WRL,-48057,204.37675
World,OWID_WRL,-47778,203.87132
World,OWID_WRL,-47513,204.05804
World,OWID_WRL,-47353,200.12004
World,OWID_WRL,-47038,201.57863
World,OWID_WRL,-46478,200.97514
World,OWID_WRL,-46273,206.18208
World,OWID_WRL,-45994,205.65965
World,OWID_WRL,-45760,203.78789
World,OWID_WRL,-45574,204.25993
World,OWID_WRL,-45365,207.5966
World,OWID_WRL,-45136,210.27203
World,OWID_WRL,-44938,210.83763
World,OWID_WRL,-44796,214.18285
World,OWID_WRL,-44686,216.41663
World,OWID_WRL,-44359,218.34888
World,OWID_WRL,-44231,219.24687
World,OWID_WRL,-44107,221.77217
World,OWID_WRL,-43927,222.71747
World,OWID_WRL,-43746,217.51187
World,OWID_WRL,-43510,214.50137
World,OWID_WRL,-43330,213.91823
World,OWID_WRL,-43192,207.95335
World,OWID_WRL,-43046,211.48708
World,OWID_WRL,-42866,210.43835
World,OWID_WRL,-42706,212.28537
World,OWID_WRL,-42541,204.82616
World,OWID_WRL,-42400,206.22156
World,OWID_WRL,-42254,201.9968
World,OWID_WRL,-42145,204.30592
World,OWID_WRL,-41859,201.68967
World,OWID_WRL,-41711,203.18092
World,OWID_WRL,-41566,204.22195
World,OWID_WRL,-41401,201.66463
World,OWID_WRL,-41222,203.16208
World,OWID_WRL,-41018,204.26048
World,OWID_WRL,-40900,206.35416
World,OWID_WRL,-40678,204.82674
World,OWID_WRL,-40366,200.89609
World,OWID_WRL,-39951,199.89056
World,OWID_WRL,-39809,201.12434
World,OWID_WRL,-39656,205.49007
World,OWID_WRL,-39354,204.1854
World,OWID_WRL,-39218,201.53203
World,OWID_WRL,-38957,200.9662
World,OWID_WRL,-38804,200.46616
World,OWID_WRL,-38603,201.48445
World,OWID_WRL,-38536,201.3227
World,OWID_WRL,-38358,197.90456
World,OWID_WRL,-38195,193.6903
World,OWID_WRL,-38162,193.08131
World,OWID_WRL,-38093,192.59566
World,OWID_WRL,-37950,197.5525
World,OWID_WRL,-37935,193.8731
World,OWID_WRL,-37807,193.58136
World,OWID_WRL,-37759,196.67427
World,OWID_WRL,-37671,195.7016
World,OWID_WRL,-37565,200.40297
World,OWID_WRL,-37504,198.1385
World,OWID_WRL,-37453,191.53157
World,OWID_WRL,-37429,204.77737
World,OWID_WRL,-37390,207.86809
World,OWID_WRL,-37370,209.32646
World,OWID_WRL,-37353,209.49564
World,OWID_WRL,-37316,208.68509
World,OWID_WRL,-37170,207.32358
World,OWID_WRL,-37104,204.28299
World,OWID_WRL,-37027,202.34485
World,OWID_WRL,-37006,205.98808
World,OWID_WRL,-36925,205.65099
World,OWID_WRL,-36863,206.08578
World,OWID_WRL,-36773,206.54399
World,OWID_WRL,-36721,204.45555
World,OWID_WRL,-36672,204.7919
World,OWID_WRL,-36624,208.23328
World,OWID_WRL,-36583,210.07869
World,OWID_WRL,-36523,207.23018
World,OWID_WRL,-36463,210.79475
World,OWID_WRL,-36409,207.99979
World,OWID_WRL,-36334,207.41116
World,OWID_WRL,-36242,206.52292
World,OWID_WRL,-36216,208.33505
World,OWID_WRL,-36138,214.3604
World,OWID_WRL,-36050,211.21342
World,OWID_WRL,-35945,214.20642
World,OWID_WRL,-35827,212.0924
World,OWID_WRL,-35698,212.13591
World,OWID_WRL,-35669,214.2959
World,OWID_WRL,-35511,209.83669
World,OWID_WRL,-35481,212.50552
World,OWID_WRL,-35388,206.58658
World,OWID_WRL,-35352,209.65639
World,OWID_WRL,-35346,208.2519
World,OWID_WRL,-35193,207.34584
World,OWID_WRL,-35169,210.15718
World,OWID_WRL,-35073,206.35686
World,OWID_WRL,-34990,203.51434
World,OWID_WRL,-34870,202.76033
World,OWID_WRL,-34763,203.75432
World,OWID_WRL,-34720,203.76952
World,OWID_WRL,-34642,205.10239
World,OWID_WRL,-34556,198.96176
World,OWID_WRL,-34312,200.09164
World,OWID_WRL,-34223,201.77979
World,OWID_WRL,-34136,204.12302
World,OWID_WRL,-33998,198.79994
World,OWID_WRL,-33905,203.28867
World,OWID_WRL,-33752,200.50197
World,OWID_WRL,-33722,201.8131
World,OWID_WRL,-33618,201.82764
World,OWID_WRL,-33581,201.8866
World,OWID_WRL,-33558,202.04126
World,OWID_WRL,-33547,201.06305
World,OWID_WRL,-33496,200.29875
World,OWID_WRL,-33433,201.3577
World,OWID_WRL,-33409,203.61853
World,OWID_WRL,-33387,204.46706
World,OWID_WRL,-33332,205.37619
World,OWID_WRL,-33216,203.60051
World,OWID_WRL,-33140,198.78284
World,OWID_WRL,-32917,203.09178
World,OWID_WRL,-32876,202.79565
World,OWID_WRL,-32761,197.1613
World,OWID_WRL,-32698,198.89171
World,OWID_WRL,-32670,200.29242
World,OWID_WRL,-32653,199.48892
World,OWID_WRL,-32607,199.64748
World,OWID_WRL,-32384,196.20186
World,OWID_WRL,-32363,196.26662
World,OWID_WRL,-32301,195.79134
World,OWID_WRL,-32240,194.88748
World,OWID_WRL,-32114,195.93176
World,OWID_WRL,-32042,195.41092
World,OWID_WRL,-32007,196.47192
World,OWID_WRL,-31976,194.47028
World,OWID_WRL,-31958,194.4606
World,OWID_WRL,-31936,195.26624
World,OWID_WRL,-31891,195.62715
World,OWID_WRL,-31808,200.03107
World,OWID_WRL,-31605,197.79976
World,OWID_WRL,-31541,197.12526
World,OWID_WRL,-31468,196.89622
World,OWID_WRL,-31198,197.64601
World,OWID_WRL,-31059,196.3261
World,OWID_WRL,-30931,196.70181
World,OWID_WRL,-30863,199.30232
World,OWID_WRL,-30764,195.93861
World,OWID_WRL,-30728,195.08012
World,OWID_WRL,-30645,194.42958
World,OWID_WRL,-30561,194.60683
World,OWID_WRL,-30485,194.11043
World,OWID_WRL,-30411,195.24724
World,OWID_WRL,-30358,192.4652
World,OWID_WRL,-30201,196.90805
World,OWID_WRL,-30198,196.41666
World,OWID_WRL,-30130,193.90503
World,OWID_WRL,-30077,193.32576
World,OWID_WRL,-29984,192.50716
World,OWID_WRL,-29868,192.92764
World,OWID_WRL,-29842,193.71284
World,OWID_WRL,-29574,189.94687
World,OWID_WRL,-29406,188.47533
World,OWID_WRL,-29155,187.99956
World,OWID_WRL,-28826,190.33223
World,OWID_WRL,-28763,187.14328
World,OWID_WRL,-28579,182.93608
World,OWID_WRL,-28450,184.29819
World,OWID_WRL,-28363,185.98865
World,OWID_WRL,-28328,186.5174
World,OWID_WRL,-28232,188.47531
World,OWID_WRL,-28152,188.24678
World,OWID_WRL,-28049,191.56734
World,OWID_WRL,-28002,191.3755
World,OWID_WRL,-27888,190.96692
World,OWID_WRL,-27793,191.28441
World,OWID_WRL,-27731,189.77281
World,OWID_WRL,-27659,189.24252
World,OWID_WRL,-27460,189.21326
World,OWID_WRL,-27416,189.8287
World,OWID_WRL,-27374,191.01195
World,OWID_WRL,-27300,192.39142
World,OWID_WRL,-27255,188.09668
World,OWID_WRL,-27201,192.26434
World,OWID_WRL,-27059,192.87248
World,OWID_WRL,-26999,193.2594
World,OWID_WRL,-26953,192.68759
World,OWID_WRL,-26892,193.8898
World,OWID_WRL,-26774,193.8025
World,OWID_WRL,-26676,192.81543
World,OWID_WRL,-26627,193.1001
World,OWID_WRL,-26477,189.64587
World,OWID_WRL,-26464,189.15674
World,OWID_WRL,-26420,192.6339
World,OWID_WRL,-26322,191.5942
World,OWID_WRL,-26264,191.81613
World,OWID_WRL,-26147,189.95758
World,OWID_WRL,-26023,189.28679
World,OWID_WRL,-25977,188.98634
World,OWID_WRL,-25935,189.27849
World,OWID_WRL,-25916,190.58496
World,OWID_WRL,-25871,187.5864
World,OWID_WRL,-25769,189.30452
World,OWID_WRL,-25764,190.60786
World,OWID_WRL,-25737,192.71237
World,OWID_WRL,-25711,191.46
World,OWID_WRL,-25636,191.9535
World,OWID_WRL,-25600,191.53375
World,OWID_WRL,-25553,191.2338
World,OWID_WRL,-25492,191.95314
World,OWID_WRL,-25330,190.06146
World,OWID_WRL,-25220,194.92815
World,OWID_WRL,-25135,186.27136
World,OWID_WRL,-25092,187.39357
World,OWID_WRL,-25005,188.08463
World,OWID_WRL,-24908,186.43115
World,OWID_WRL,-24754,185.4366
World,OWID_WRL,-24587,185.51318
World,OWID_WRL,-24511,186.01282
World,OWID_WRL,-24365,183.7673
World,OWID_WRL,-24304,184.57169
World,OWID_WRL,-24066,184.51816
World,OWID_WRL,-23836,186.54117
World,OWID_WRL,-23594,183.37892
World,OWID_WRL,-23401,182.66042
World,OWID_WRL,-23214,180.6937
World,OWID_WRL,-22694,180.56552
World,OWID_WRL,-22320,186.7269
World,OWID_WRL,-22128,184.68237
World,OWID_WRL,-21924,183.12944
World,OWID_WRL,-21650,187.98537
World,OWID_WRL,-21495,186.77936
World,OWID_WRL,-21408,193.53282
World,OWID_WRL,-21327,197.67189
World,OWID_WRL,-21235,188.60411
World,OWID_WRL,-21157,190.0805
World,OWID_WRL,-21064,190.53008
World,OWID_WRL,-21044,189.39734
World,OWID_WRL,-20884,186.13368
World,OWID_WRL,-20799,190.0136
World,OWID_WRL,-20701,188.4866
World,OWID_WRL,-20654,185.20749
World,OWID_WRL,-20600,184.67921
World,OWID_WRL,-20398,187.02165
World,OWID_WRL,-20342,187.22421
World,OWID_WRL,-20281,191.27052
World,OWID_WRL,-20106,187.38113
World,OWID_WRL,-19964,190.7825
World,OWID_WRL,-19841,187.95718
World,OWID_WRL,-19613,185.22606
World,OWID_WRL,-19395,187.24278
World,OWID_WRL,-19263,190.05179
World,OWID_WRL,-19118,188.40117
World,OWID_WRL,-19014,190.87079
World,OWID_WRL,-18878,192.6575
World,OWID_WRL,-18716,187.7613
World,OWID_WRL,-18587,193.92595
World,OWID_WRL,-18458,189.99022
World,OWID_WRL,-18263,190.47302
World,OWID_WRL,-18069,193.72302
World,OWID_WRL,-17934,196.05515
World,OWID_WRL,-17841,193.60063
World,OWID_WRL,-17679,191.41876
World,OWID_WRL,-17618,188.95303
World,OWID_WRL,-17493,191.51662
World,OWID_WRL,-17332,191.58429
World,OWID_WRL,-17203,191.08551
World,OWID_WRL,-17044,192.70992
World,OWID_WRL,-16917,188.49918
World,OWID_WRL,-16885,188.43646
World,OWID_WRL,-16854,192.97461
World,OWID_WRL,-16797,191.271
World,OWID_WRL,-16727,193.90294
World,OWID_WRL,-16633,188.5706
World,OWID_WRL,-16570,187.6657
World,OWID_WRL,-16537,187.08795
World,OWID_WRL,-16508,187.44688
World,OWID_WRL,-16472,188.46985
World,OWID_WRL,-16441,188.21272
World,OWID_WRL,-16410,188.73157
World,OWID_WRL,-16374,187.12108
World,OWID_WRL,-16346,189.03209
World,OWID_WRL,-16315,188.52153
World,OWID_WRL,-16282,188.8775
World,OWID_WRL,-16252,185.64838
World,OWID_WRL,-16223,189.01146
World,OWID_WRL,-16190,184.8751
World,OWID_WRL,-16161,188.59044
World,OWID_WRL,-16132,188.64072
World,OWID_WRL,-16100,187.72678
World,OWID_WRL,-16074,187.78531
World,OWID_WRL,-16042,188.95569
World,OWID_WRL,-16016,188.6565
World,OWID_WRL,-15986,188.54216
World,OWID_WRL,-15957,191.72379
World,OWID_WRL,-15931,190.26062
World,OWID_WRL,-15905,189.51764
World,OWID_WRL,-15875,191.2074
World,OWID_WRL,-15848,187.25256
World,OWID_WRL,-15820,191.70496
World,OWID_WRL,-15794,190.41145
World,OWID_WRL,-15767,189.52313
World,OWID_WRL,-15741,191.51897
World,OWID_WRL,-15715,194.376
World,OWID_WRL,-15688,193.2102
World,OWID_WRL,-15662,195.79039
World,OWID_WRL,-15636,196.96329
World,OWID_WRL,-15611,192.62364
World,OWID_WRL,-15585,192.37047
World,OWID_WRL,-15561,191.58574
World,OWID_WRL,-15535,191.47612
World,OWID_WRL,-15511,193.00049
World,OWID_WRL,-15485,190.7574
World,OWID_WRL,-15460,191.88567
World,OWID_WRL,-15435,193.02022
World,OWID_WRL,-15410,190.50284
World,OWID_WRL,-15362,194.65141
World,OWID_WRL,-15338,195.87573
World,OWID_WRL,-15286,198.29417
World,OWID_WRL,-15214,198.63109
World,OWID_WRL,-15142,202.10121
World,OWID_WRL,-15045,204.32474
World,OWID_WRL,-14979,202.92905
World,OWID_WRL,-14919,205.18509
World,OWID_WRL,-14848,205.52548
World,OWID_WRL,-14784,210.24939
World,OWID_WRL,-14706,213.1547
World,OWID_WRL,-14640,208.46143
World,OWID_WRL,-14604,208.65012
World,OWID_WRL,-14560,207.94707
World,OWID_WRL,-14522,213.93802
World,OWID_WRL,-14508,217.18723
World,OWID_WRL,-14481,211.79346
World,OWID_WRL,-14461,212.94888
World,OWID_WRL,-14442,209.5081
World,OWID_WRL,-14425,211.21335
World,OWID_WRL,-14404,214.83095
World,OWID_WRL,-14387,212.4297
World,OWID_WRL,-14367,214.59784
World,OWID_WRL,-14347,212.84367
World,OWID_WRL,-14329,214.22122
World,OWID_WRL,-14311,218.56383
World,OWID_WRL,-14291,220.48517
World,OWID_WRL,-14273,223.23631
World,OWID_WRL,-14259,227.32448
World,OWID_WRL,-14237,221.48985
World,OWID_WRL,-14217,226.19089
World,OWID_WRL,-14201,224.86258
World,OWID_WRL,-14164,222.41151
World,OWID_WRL,-14133,224.24236
World,OWID_WRL,-14084,224.48022
World,OWID_WRL,-14065,222.39328
World,OWID_WRL,-14049,224.40799
World,OWID_WRL,-14045,223.72246
World,OWID_WRL,-13987,223.76819
World,OWID_WRL,-13970,223.51074
World,OWID_WRL,-13895,222.36469
World,OWID_WRL,-13818,224.85718
World,OWID_WRL,-13755,222.15764
World,OWID_WRL,-13699,222.75835
World,OWID_WRL,-13596,223.53053
World,OWID_WRL,-13513,223.27104
World,OWID_WRL,-13460,224.74312
World,OWID_WRL,-13433,225.38795
World,OWID_WRL,-13395,228.91652
World,OWID_WRL,-13371,227.64307
World,OWID_WRL,-13331,225.77162
World,OWID_WRL,-13293,228.26585
World,OWID_WRL,-13269,230.1834
World,OWID_WRL,-13231,227.84358
World,OWID_WRL,-13207,228.80573
World,OWID_WRL,-13184,229.6716
World,OWID_WRL,-13146,234.47447
World,OWID_WRL,-13123,228.99481
World,OWID_WRL,-13085,225.38083
World,OWID_WRL,-13061,228.36507
World,OWID_WRL,-13037,227.65099
World,OWID_WRL,-13026,229.78673
World,OWID_WRL,-13004,228.89029
World,OWID_WRL,-12979,228.46979
World,OWID_WRL,-12966,228.3588
World,OWID_WRL,-12954,228.71529
World,OWID_WRL,-12942,230.63014
World,OWID_WRL,-12931,227.8515
World,OWID_WRL,-12919,232.22124
World,OWID_WRL,-12908,233.16743
World,OWID_WRL,-12895,227.87363
World,OWID_WRL,-12885,228.40419
World,OWID_WRL,-12872,226.50691
World,OWID_WRL,-12861,227.57608
World,OWID_WRL,-12849,228.5025
World,OWID_WRL,-12838,227.78535
World,OWID_WRL,-12826,227.39273
World,OWID_WRL,-12813,224.64413
World,OWID_WRL,-12809,227.90259
World,OWID_WRL,-12793,231.47502
World,OWID_WRL,-12781,234.53668
World,OWID_WRL,-12768,230.52962
World,OWID_WRL,-12757,228.17947
World,OWID_WRL,-12747,228.90695
World,OWID_WRL,-12736,237.49243
World,OWID_WRL,-12725,234.33542
World,OWID_WRL,-12714,233.41678
World,OWID_WRL,-12702,234.62209
World,OWID_WRL,-12695,238.11592
World,OWID_WRL,-12680,240.10202
World,OWID_WRL,-12669,237.97072
World,OWID_WRL,-12656,237.58633
World,OWID_WRL,-12645,235.30951
World,OWID_WRL,-12636,237.96596
World,OWID_WRL,-12626,239.76505
World,OWID_WRL,-12614,239.86
World,OWID_WRL,-12603,241.72981
World,OWID_WRL,-12592,235.83234
World,OWID_WRL,-12581,243.17377
World,OWID_WRL,-12571,241.14412
World,OWID_WRL,-12547,242.05539
World,OWID_WRL,-12514,238.61346
World,OWID_WRL,-12493,240.9489
World,OWID_WRL,-12472,242.6046
World,OWID_WRL,-12461,242.54639
World,OWID_WRL,-12425,240.32524
World,OWID_WRL,-12404,238.39006
World,OWID_WRL,-12393,242.07892
World,OWID_WRL,-12359,235.80138
World,OWID_WRL,-12349,239.03677
World,OWID_WRL,-12323,240.2123
World,OWID_WRL,-12287,236.59503
World,OWID_WRL,-12256,238.36134
World,OWID_WRL,-12230,239.36064
World,OWID_WRL,-12207,239.23819
World,OWID_WRL,-12170,236.39806
World,OWID_WRL,-12134,232.88
World,OWID_WRL,-12110,241.26917
World,OWID_WRL,-12073,237.86879
World,OWID_WRL,-12052,235.91959
World,OWID_WRL,-11990,240.57034
World,OWID_WRL,-11922,237.95158
World,OWID_WRL,-11877,239.08435
World,OWID_WRL,-11809,241.1149
World,OWID_WRL,-11763,241.59138
World,OWID_WRL,-11695,238.54747
World,OWID_WRL,-11651,243.8598
World,OWID_WRL,-11582,235.82553
World,OWID_WRL,-11537,240.25427
World,OWID_WRL,-11468,237.8263
World,OWID_WRL,-11354,236.86021
World,OWID_WRL,-11317,240.41977
World,OWID_WRL,-11266,239.4099
World,OWID_WRL,-11223,236.91006
World,OWID_WRL,-11178,234.81729
World,OWID_WRL,-11138,241.5553
World,OWID_WRL,-11117,237.90903
World,OWID_WRL,-11094,238.8648
World,OWID_WRL,-11072,234.67711
World,OWID_WRL,-11051,239.41878
World,OWID_WRL,-11031,237.14803
World,OWID_WRL,-11010,240.70726
World,OWID_WRL,-10989,238.17671
World,OWID_WRL,-10967,238.79424
World,OWID_WRL,-10943,239.43542
World,OWID_WRL,-10924,241.23831
World,OWID_WRL,-10903,239.34502
World,OWID_WRL,-10880,242.1466
World,OWID_WRL,-10859,242.23335
World,OWID_WRL,-10836,241.49602
World,OWID_WRL,-10813,240.01944
World,OWID_WRL,-10790,247.29878
World,OWID_WRL,-10770,241.59193
World,OWID_WRL,-10747,244.24252
World,OWID_WRL,-10724,242.52904
World,OWID_WRL,-10704,243.9483
World,OWID_WRL,-10680,246.94328
World,OWID_WRL,-10658,248.09152
World,OWID_WRL,-10637,247.01866
World,OWID_WRL,-10615,244.27496
World,OWID_WRL,-10594,249.92262
World,OWID_WRL,-10571,246.73616
World,OWID_WRL,-10546,244.42282
World,OWID_WRL,-10525,246.17917
World,OWID_WRL,-10505,245.82819
World,OWID_WRL,-10482,247.67024
World,OWID_WRL,-10459,246.40344
World,OWID_WRL,-10438,243.004
World,OWID_WRL,-10415,244.30942
World,OWID_WRL,-10393,246.9665
World,OWID_WRL,-10371,250.73154
World,OWID_WRL,-10351,248.92403
World,OWID_WRL,-10331,249.37721
World,OWID_WRL,-10306,248.95175
World,OWID_WRL,-10283,249.23183
World,OWID_WRL,-10261,249.65334
World,OWID_WRL,-10240,250.96817
World,OWID_WRL,-10218,251.42429
World,OWID_WRL,-10196,251.1388
World,OWID_WRL,-10175,253.01913
World,OWID_WRL,-10155,255.65704
World,OWID_WRL,-10130,251.03139
World,OWID_WRL,-10109,253.09804
World,OWID_WRL,-10087,248.40714
World,OWID_WRL,-10066,247.85065
World,OWID_WRL,-10041,255.3913
World,OWID_WRL,-10020,253.99315
World,OWID_WRL,-9998,248.9157
World,OWID_WRL,-9977,258.57498
World,OWID_WRL,-9955,255.89658
World,OWID_WRL,-9933,251.56174
World,OWID_WRL,-9913,253.62958
World,OWID_WRL,-9893,254.31018
World,OWID_WRL,-9870,257.1687
World,OWID_WRL,-9853,258.53058
World,OWID_WRL,-9831,258.24948
World,OWID_WRL,-9809,258.74197
World,OWID_WRL,-9791,255.89087
World,OWID_WRL,-9770,256.04306
World,OWID_WRL,-9751,253.99089
World,OWID_WRL,-9733,254.6156
World,OWID_WRL,-9715,247.55286
World,OWID_WRL,-9698,257.1343
World,OWID_WRL,-9679,266.2202
World,OWID_WRL,-9661,261.30356
World,OWID_WRL,-9642,260.70197
World,OWID_WRL,-9626,267.09265
World,OWID_WRL,-9610,262.74026
World,OWID_WRL,-9594,266.89752
World,OWID_WRL,-9574,269.50873
World,OWID_WRL,-9557,267.66345
World,OWID_WRL,-9540,267.166
World,OWID_WRL,-9523,269.0966
World,OWID_WRL,-9503,268.86948
World,OWID_WRL,-9486,270.14346
World,OWID_WRL,-9467,264.48312
World,OWID_WRL,-9450,268.16388
World,OWID_WRL,-9433,264.83963
World,OWID_WRL,-9389,264.80624
World,OWID_WRL,-9367,264.1
World,OWID_WRL,-9307,264.4
World,OWID_WRL,-9251,265.3
World,OWID_WRL,-9236,265
World,OWID_WRL,-9211,264.8
World,OWID_WRL,-9140,264.8
World,OWID_WRL,-9004,267.6
World,OWID_WRL,-8886,265.1
World,OWID_WRL,-8852,266
World,OWID_WRL,-8730,266.9
World,OWID_WRL,-8556,267.5
World,OWID_WRL,-8417,264.9
World,OWID_WRL,-8350,265.7
World,OWID_WRL,-8243,263.4
World,OWID_WRL,-8185,264
World,OWID_WRL,-8043,264.2
World,OWID_WRL,-7951,264.4
World,OWID_WRL,-7623,263.8
World,OWID_WRL,-7606,263
World,OWID_WRL,-7574,260.9
World,OWID_WRL,-7568,260.6
World,OWID_WRL,-7487,265.2
World,OWID_WRL,-7411,263.8
World,OWID_WRL,-7345,263.7
World,OWID_WRL,-7193,262
World,OWID_WRL,-7110,259.3
World,OWID_WRL,-7043,260.4
World,OWID_WRL,-6962,260.9
World,OWID_WRL,-6831,259
World,OWID_WRL,-6761,261.8
World,OWID_WRL,-6597,260.7
World,OWID_WRL,-6510,261.3
World,OWID_WRL,-6402,258.3
World,OWID_WRL,-6245,259.3
World,OWID_WRL,-6166,259.6
World,OWID_WRL,-6026,260.8
World,OWID_WRL,-5976,259.2
World,OWID_WRL,-5910,259.7
World,OWID_WRL,-5770,260.4
World,OWID_WRL,-5711,260.1
World,OWID_WRL,-5548,258.4
World,OWID_WRL,-5455,260.7
World,OWID_WRL,-5324,263
World,OWID_WRL,-5238,262.3
World,OWID_WRL,-5088,257.6
World,OWID_WRL,-5020,258.1
World,OWID_WRL,-4930,262.9
World,OWID_WRL,-4820,262.1
World,OWID_WRL,-4733,259.4
World,OWID_WRL,-4622,261.1
World,OWID_WRL,-4451,261.2
World,OWID_WRL,-4387,262.7
World,OWID_WRL,-4352,263.2
World,OWID_WRL,-4140,265.5
World,OWID_WRL,-4049,266.7
World,OWID_WRL,-3984,260.7
World,OWID_WRL,-3902,265.5
World,OWID_WRL,-3808,265.9
World,OWID_WRL,-3631,267.6
World,OWID_WRL,-3583,265.2
World,OWID_WRL,-3408,265.3
World,OWID_WRL,-3361,267.6
World,OWID_WRL,-3269,269.8
World,OWID_WRL,-3137,268.6
World,OWID_WRL,-3032,269.3
World,OWID_WRL,-2971,270.7
World,OWID_WRL,-2823,271.5
World,OWID_WRL,-2697,269.8
World,OWID_WRL,-2643,269.1
World,OWID_WRL,-2544,271.1
World,OWID_WRL,-2393,271.5
World,OWID_WRL,-2325,272.8
World,OWID_WRL,-2256,271.6
World,OWID_WRL,-2159,271.7
World,OWID_WRL,-2019,274.9
World,OWID_WRL,-1906,275.4
World,OWID_WRL,-1857,271.5
World,OWID_WRL,-1743,273
World,OWID_WRL,-1694,273.4
World,OWID_WRL,-1578,275
World,OWID_WRL,-1481,274
World,OWID_WRL,-1334,273.1
World,OWID_WRL,-1306,276.3
World,OWID_WRL,-1107,274.6
World,OWID_WRL,-999,276.3
World,OWID_WRL,-955,274.7
World,OWID_WRL,-852,275.3
World,OWID_WRL,-758,278.9
World,OWID_WRL,-678,273.9
World,OWID_WRL,-576,277.9
World,OWID_WRL,-464,277.6
World,OWID_WRL,-316,276.7
World,OWID_WRL,-284,276.7
World,OWID_WRL,-143,276.9
World,OWID_WRL,-50,278
World,OWID_WRL,1,276.7
World,OWID_WRL,30,277.9
World,OWID_WRL,56,277.4
World,OWID_WRL,104,277.5
World,OWID_WRL,136,278.1
World,OWID_WRL,154,278.072
World,OWID_WRL,175,277.55588
World,OWID_WRL,241,280.24908
World,OWID_WRL,266,278.3144
World,OWID_WRL,274,280.2445
World,OWID_WRL,296,280.90897
World,OWID_WRL,318,281.69214
World,OWID_WRL,357,277.79538
World,OWID_WRL,384,277.24692
World,OWID_WRL,406,279.1252
World,OWID_WRL,437,279.9999
World,OWID_WRL,488,277.10568
World,OWID_WRL,518,276.78952
World,OWID_WRL,552,276.55905
World,OWID_WRL,557,278.4609
World,OWID_WRL,582,276.19604
World,OWID_WRL,615,277.86972
World,OWID_WRL,637,279.58804
World,OWID_WRL,669,278.45496
World,OWID_WRL,701,277.09894
World,OWID_WRL,730,279.99026
World,OWID_WRL,762,279.2937
World,OWID_WRL,793,279.7247
World,OWID_WRL,822,278.62302
World,OWID_WRL,875,279.42044
World,OWID_WRL,914,280.10553
World,OWID_WRL,958,277.40717
World,OWID_WRL,983,278.74023
World,OWID_WRL,1018,279.7987
World,OWID_WRL,1019,280.06454
World,OWID_WRL,1040,280.91617
World,OWID_WRL,1049,280.96674
World,OWID_WRL,1070,282.84442
World,OWID_WRL,1099,283.09445
World,OWID_WRL,1116,282.84164
World,OWID_WRL,1146,284.5106
World,OWID_WRL,1166,283.96597
World,OWID_WRL,1200,284.54004
World,OWID_WRL,1211,283.6883
World,OWID_WRL,1251,282.41312
World,OWID_WRL,1260,282.19928
World,OWID_WRL,1278,278.43124
World,OWID_WRL,1307,281.5784
World,OWID_WRL,1330,284.06766
World,OWID_WRL,1349,278.36212
World,OWID_WRL,1390,280.9116
World,OWID_WRL,1411,279.69656
World,OWID_WRL,1429,279.7257
World,OWID_WRL,1449,282.2266
World,OWID_WRL,1469,280.3125
World,OWID_WRL,1502,283.1248
World,OWID_WRL,1530,283.94788
World,OWID_WRL,1550,283.5297
World,OWID_WRL,1560,281.82904
World,OWID_WRL,1573,282.56982
World,OWID_WRL,1588,281.10892
World,OWID_WRL,1591,279.35687
World,OWID_WRL,1603,275.0666
World,OWID_WRL,1609,271.10904
World,OWID_WRL,1629,273.78076
World,OWID_WRL,1640,276.68723
World,OWID_WRL,1649,278.01523
World,OWID_WRL,1682,276.65967
World,OWID_WRL,1690,276.32462
World,OWID_WRL,1694,277.35806
World,OWID_WRL,1723,277.64172
World,OWID_WRL,1734,278.31094
World,OWID_WRL,1741,276.809
World,OWID_WRL,1749,277.60007
World,OWID_WRL,1752,277.22968
World,OWID_WRL,1763,277.1557
World,OWID_WRL,1764,276.3961
World,OWID_WRL,1773,277.85596
World,OWID_WRL,1779,280.2363
World,OWID_WRL,1780,273.07373
World,OWID_WRL,1794,281.61713
World,OWID_WRL,1796,281.35458
World,OWID_WRL,1799,282.79956
World,OWID_WRL,1814,284.43127
World,OWID_WRL,1825,281.36035
World,OWID_WRL,1827,285.90894
World,OWID_WRL,1833,284.4533
World,OWID_WRL,1837,284.15198
World,OWID_WRL,1841,283.65454
World,OWID_WRL,1843,281.58148
World,OWID_WRL,1844,283.53113
World,OWID_WRL,1845,283.18286
World,OWID_WRL,1846,283.61987
World,OWID_WRL,1847,286.83923
World,OWID_WRL,1850,284.00165
World,OWID_WRL,1851,287.1281
World,OWID_WRL,1854,288.05444
World,OWID_WRL,1855,285.56558
World,OWID_WRL,1857,283.1621
World,OWID_WRL,1859,286.6331
World,OWID_WRL,1862,287.17456
World,OWID_WRL,1863,285.35333
World,OWID_WRL,1864,286.65414
World,OWID_WRL,1867,285.0523
World,OWID_WRL,1868,288.7642
World,OWID_WRL,1870,287.15613
World,OWID_WRL,1873,286.6551
World,OWID_WRL,1874,291.5582
World,OWID_WRL,1877,289.32812
World,OWID_WRL,1880,287.77072
World,OWID_WRL,1883,292.46393
World,OWID_WRL,1884,289.4945
World,OWID_WRL,1886,288.11575
World,OWID_WRL,1887,294.3418
World,OWID_WRL,1889,292.34238
World,OWID_WRL,1890,290.91754
World,OWID_WRL,1892,295.17194
World,OWID_WRL,1893,295.08795
World,OWID_WRL,1894,293.48767
World,OWID_WRL,1899,296.16443
World,OWID_WRL,1900,294.22073
World,OWID_WRL,1902,295.61063
World,OWID_WRL,1904,295.99136
World,OWID_WRL,1905,299.0236
World,OWID_WRL,1906,298.47754
World,OWID_WRL,1909,301.50415
World,OWID_WRL,1910,297.8691
World,OWID_WRL,1911,298.36343
World,OWID_WRL,1913,301.29773
World,OWID_WRL,1914,300.7001
World,OWID_WRL,1916,301.91516
World,OWID_WRL,1918,303.85223
World,OWID_WRL,1919,304.61322
World,OWID_WRL,1920,301.87585
World,OWID_WRL,1923,304.6901
World,OWID_WRL,1925,304.84253
World,OWID_WRL,1928,306.84332
World,OWID_WRL,1929,305.62305
World,OWID_WRL,1931,305.7409
World,OWID_WRL,1932,308.25555
World,OWID_WRL,1933,307.11163
World,OWID_WRL,1934,308.3531
World,OWID_WRL,1935,306.3198
World,OWID_WRL,1936,308.30164
World,OWID_WRL,1937,307.40768
World,OWID_WRL,1938,311.0677
World,OWID_WRL,1939,310.83423
World,OWID_WRL,1940,310.37598
World,OWID_WRL,1941,309.77048
World,OWID_WRL,1942,312.37192
World,OWID_WRL,1944,312.36163
World,OWID_WRL,1945,310.93842
World,OWID_WRL,1946,312.26343
World,OWID_WRL,1947,311.61462
World,OWID_WRL,1948,311.57095
World,OWID_WRL,1949,309.694
World,OWID_WRL,1950,312.83102
World,OWID_WRL,1952,312.18445
World,OWID_WRL,1954,312.73138
World,OWID_WRL,1955,314.71396
World,OWID_WRL,1956,315.34207
World,OWID_WRL,1957,315.34427
World,OWID_WRL,1958,315.3368
World,OWID_WRL,1959,314.15894
World,OWID_WRL,1960,313.09338
World,OWID_WRL,1961,318.20657
World,OWID_WRL,1962,317.75082
World,OWID_WRL,1963,318.3751
World,OWID_WRL,1964,319.12347
World,OWID_WRL,1965,319.544
World,OWID_WRL,1966,320.98157
World,OWID_WRL,1967,321.33356
World,OWID_WRL,1969,323.56235
World,OWID_WRL,1970,324.55707
World,OWID_WRL,1971,325.95483
World,OWID_WRL,1972,329.38318
World,OWID_WRL,1974,331.5498
World,OWID_WRL,1976,332.3657
World,OWID_WRL,1977,333.95795
World,OWID_WRL,1979,336.85
World,OWID_WRL,1980,338.90915
World,OWID_WRL,1981,340.11002
World,OWID_WRL,1982,340.85583
World,OWID_WRL,1983,342.53
World,OWID_WRL,1984,344.07333
World,OWID_WRL,1985,345.5375
World,OWID_WRL,1986,346.96835
World,OWID_WRL,1987,348.68335
World,OWID_WRL,1988,351.15918
World,OWID_WRL,1989,352.78085
World,OWID_WRL,1990,354.05502
World,OWID_WRL,1991,355.39334
World,OWID_WRL,1992,356.09
World,OWID_WRL,1993,356.83334
World,OWID_WRL,1994,358.32834
World,OWID_WRL,1995,360.17166
World,OWID_WRL,1996,361.9325
World,OWID_WRL,1997,363.0458
World,OWID_WRL,1998,365.69666
World,OWID_WRL,1999,367.79666
World,OWID_WRL,2000,368.965
World,OWID_WRL,2001,370.56998
World,OWID_WRL,2002,372.58835
World,OWID_WRL,2003,375.14584
World,OWID_WRL,2004,376.95166
World,OWID_WRL,2005,378.98083
World,OWID_WRL,2006,381.1475
World,OWID_WRL,2007,382.9
World,OWID_WRL,2008,385.02084
World,OWID_WRL,2009,386.49753
World,OWID_WRL,2010,388.75668
World,OWID_WRL,2011,390.63168
World,OWID_WRL,2012,392.65085
World,OWID_WRL,2013,395.39917
World,OWID_WRL,2014,397.345
World,OWID_WRL,2015,399.64917
World,OWID_WRL,2016,403.08167
World,OWID_WRL,2017,405.22
World,OWID_WRL,2018,407.5842
World,OWID_WRL,2019,410.04248
World,OWID_WRL,2020,412.50748
World,OWID_WRL,2021,414.80917
World,OWID_WRL,2022,417.2383
World,OWID_WRL,2023,419.55667